[
    {
        "id": "71570fe3.c9019",
        "type": "tab",
        "label": "Flow 1",
        "disabled": false,
        "info": ""
    },
    {
        "id": "f18fe05f.60545",
        "type": "mosca in",
        "z": "71570fe3.c9019",
        "mqtt_port": 1883,
        "mqtt_ws_port": 8080,
        "name": "",
        "username": "ESP_figfarm",
        "password": "figfarm",
        "dburl": "",
        "x": 130,
        "y": 40,
        "wires": [
            []
        ]
    },
    {
        "id": "de5a2c11.7cbf9",
        "type": "mqtt in",
        "z": "71570fe3.c9019",
        "name": "Temperature",
        "topic": "/ESP_figfarm/TEMP&HUMID/Temperature",
        "qos": "2",
        "datatype": "auto",
        "broker": "fbdcff4c.15acc",
        "x": 110,
        "y": 120,
        "wires": [
            [
                "8a797edf.a58ce",
                "4add9510.7f119c"
            ]
        ]
    },
    {
        "id": "419987bc.9cc2d8",
        "type": "mqtt in",
        "z": "71570fe3.c9019",
        "name": "Humidity",
        "topic": "/ESP_figfarm/TEMP&HUMID/Humidity",
        "qos": "2",
        "datatype": "auto",
        "broker": "fbdcff4c.15acc",
        "x": 100,
        "y": 220,
        "wires": [
            [
                "1007727b.48bb4e",
                "4add9510.7f119c"
            ]
        ]
    },
    {
        "id": "8a797edf.a58ce",
        "type": "ui_gauge",
        "z": "71570fe3.c9019",
        "name": "Temp gauge",
        "group": "7e2a9b44.542774",
        "order": 1,
        "width": 0,
        "height": 0,
        "gtype": "gage",
        "title": "Temp gauge",
        "label": "Celsius",
        "format": "{{value}}",
        "min": 0,
        "max": "100",
        "colors": [
            "#00b500",
            "#e6e600",
            "#ca3838"
        ],
        "seg1": "",
        "seg2": "",
        "x": 310,
        "y": 180,
        "wires": []
    },
    {
        "id": "1007727b.48bb4e",
        "type": "ui_gauge",
        "z": "71570fe3.c9019",
        "name": "Humid gauge",
        "group": "e2cf5d3c.6ce36",
        "order": 1,
        "width": 0,
        "height": 0,
        "gtype": "gage",
        "title": "Humid gauge",
        "label": "%",
        "format": "{{value}}",
        "min": 0,
        "max": "100",
        "colors": [
            "#00b500",
            "#e6e600",
            "#ca3838"
        ],
        "seg1": "",
        "seg2": "",
        "x": 310,
        "y": 280,
        "wires": []
    },
    {
        "id": "4add9510.7f119c",
        "type": "debug",
        "z": "71570fe3.c9019",
        "name": "TEMP&HUMID",
        "active": true,
        "tosidebar": true,
        "console": false,
        "tostatus": false,
        "complete": "payload",
        "targetType": "msg",
        "x": 320,
        "y": 340,
        "wires": []
    },
    {
        "id": "dbdbf411.d7c5d8",
        "type": "mqtt in",
        "z": "71570fe3.c9019",
        "name": "Count",
        "topic": "/ESP_figfarm/Flowsensor1/FlowRate(L/min)",
        "qos": "2",
        "datatype": "auto",
        "broker": "fbdcff4c.15acc",
        "x": 570,
        "y": 120,
        "wires": [
            [
                "41cf1d13.584904",
                "e084cdfa.ad579"
            ]
        ]
    },
    {
        "id": "c153f57b.da6708",
        "type": "mqtt in",
        "z": "71570fe3.c9019",
        "name": "Total",
        "topic": "/ESP_figfarm/Flowsensor1/Total(L)",
        "qos": "2",
        "datatype": "auto",
        "broker": "fbdcff4c.15acc",
        "x": 570,
        "y": 180,
        "wires": [
            [
                "41cf1d13.584904",
                "f42602e0.7b47c"
            ]
        ]
    },
    {
        "id": "288e0d91.253cc2",
        "type": "mqtt in",
        "z": "71570fe3.c9019",
        "name": "Time",
        "topic": "/ESP_figfarm/Flowsensor1/TotalTime(min)",
        "qos": "2",
        "datatype": "auto",
        "broker": "fbdcff4c.15acc",
        "x": 570,
        "y": 240,
        "wires": [
            [
                "41cf1d13.584904",
                "a87da0cd.b70c8"
            ]
        ]
    },
    {
        "id": "41cf1d13.584904",
        "type": "debug",
        "z": "71570fe3.c9019",
        "name": "Flowsensor",
        "active": true,
        "tosidebar": true,
        "console": false,
        "tostatus": false,
        "complete": "payload",
        "targetType": "msg",
        "x": 730,
        "y": 180,
        "wires": []
    },
    {
        "id": "e084cdfa.ad579",
        "type": "ui_chart",
        "z": "71570fe3.c9019",
        "name": "Count",
        "group": "acc4dd23.fd13",
        "order": 1,
        "width": 0,
        "height": 0,
        "label": "FlowRate(L/min)",
        "chartType": "line",
        "legend": "false",
        "xformat": "HH:mm:ss",
        "interpolate": "linear",
        "nodata": "",
        "dot": false,
        "ymin": "0",
        "ymax": "100",
        "removeOlder": 1,
        "removeOlderPoints": "",
        "removeOlderUnit": "3600",
        "cutout": 0,
        "useOneColor": false,
        "colors": [
            "#1f77b4",
            "#aec7e8",
            "#ff7f0e",
            "#2ca02c",
            "#98df8a",
            "#d62728",
            "#ff9896",
            "#9467bd",
            "#c5b0d5"
        ],
        "useOldStyle": false,
        "outputs": 1,
        "x": 910,
        "y": 120,
        "wires": [
            []
        ]
    },
    {
        "id": "f42602e0.7b47c",
        "type": "ui_chart",
        "z": "71570fe3.c9019",
        "name": "Total",
        "group": "acc4dd23.fd13",
        "order": 2,
        "width": 0,
        "height": 0,
        "label": "Total(L)",
        "chartType": "line",
        "legend": "false",
        "xformat": "HH:mm:ss",
        "interpolate": "linear",
        "nodata": "",
        "dot": false,
        "ymin": "0",
        "ymax": "100",
        "removeOlder": 1,
        "removeOlderPoints": "",
        "removeOlderUnit": "3600",
        "cutout": 0,
        "useOneColor": false,
        "colors": [
            "#1f77b4",
            "#aec7e8",
            "#ff7f0e",
            "#2ca02c",
            "#98df8a",
            "#d62728",
            "#ff9896",
            "#9467bd",
            "#c5b0d5"
        ],
        "useOldStyle": false,
        "outputs": 1,
        "x": 910,
        "y": 180,
        "wires": [
            []
        ]
    },
    {
        "id": "a87da0cd.b70c8",
        "type": "ui_chart",
        "z": "71570fe3.c9019",
        "name": "Time",
        "group": "acc4dd23.fd13",
        "order": 3,
        "width": 0,
        "height": 0,
        "label": "TotalTime(min)",
        "chartType": "line",
        "legend": "false",
        "xformat": "HH:mm:ss",
        "interpolate": "linear",
        "nodata": "",
        "dot": false,
        "ymin": "0",
        "ymax": "100",
        "removeOlder": 1,
        "removeOlderPoints": "",
        "removeOlderUnit": "3600",
        "cutout": 0,
        "useOneColor": false,
        "colors": [
            "#1f77b4",
            "#aec7e8",
            "#ff7f0e",
            "#2ca02c",
            "#98df8a",
            "#d62728",
            "#ff9896",
            "#9467bd",
            "#c5b0d5"
        ],
        "useOldStyle": false,
        "outputs": 1,
        "x": 910,
        "y": 240,
        "wires": [
            []
        ]
    },
    {
        "id": "fbdcff4c.15acc",
        "type": "mqtt-broker",
        "z": "",
        "name": "",
        "broker": "192.168.20.33",
        "port": "1883",
        "clientid": "",
        "usetls": false,
        "compatmode": false,
        "keepalive": "60",
        "cleansession": true,
        "birthTopic": "",
        "birthQos": "0",
        "birthPayload": "",
        "closeTopic": "",
        "closeQos": "0",
        "closePayload": "",
        "willTopic": "",
        "willQos": "0",
        "willPayload": ""
    },
    {
        "id": "7e2a9b44.542774",
        "type": "ui_group",
        "z": "",
        "name": "Temperature",
        "tab": "ccf3fc6b.c8a1e",
        "disp": true,
        "width": "6",
        "collapse": false
    },
    {
        "id": "e2cf5d3c.6ce36",
        "type": "ui_group",
        "z": "",
        "name": "Humidity",
        "tab": "ccf3fc6b.c8a1e",
        "disp": true,
        "width": "6",
        "collapse": false
    },
    {
        "id": "acc4dd23.fd13",
        "type": "ui_group",
        "z": "",
        "name": "Flow rate",
        "tab": "ccf3fc6b.c8a1e",
        "disp": true,
        "width": "6",
        "collapse": false
    },
    {
        "id": "ccf3fc6b.c8a1e",
        "type": "ui_tab",
        "z": "",
        "name": "figfarm",
        "icon": "dashboard",
        "disabled": false,
        "hidden": false
    }
]